CA,NH,AA,BA,MU,CZ,DL,EK,EY,LH,FR,QR,UA
157,57,39,62,89,83,66,216,201,45,106,90,27
164,58,54,90,107,84,74,233,236,49,108,132,29
191,65,66,113,147,103,76,237,281,85,125,138,55
197,75,75,126,152,127,82,250,292,90,137,186,56
208,80,80,132,155,157,93,259,333,97,141,191,60
218,82,83,150,157,158,95,302,370,108,149,201,66
220,100,88,160,158,164,98,322,376,115,159,208,67
225,113,89,172,162,166,106,356,403,116,162,211,72
228,127,90,190,166,167,109,401,405,118,164,226,73
230,131,91,208,167,173,112,483,418,119,166,237,77
232,132,95,212,169,179,113,519,428,127,171,246,83
240,145,99,215,173,188,119,530,431,150,172,277,85
242,163,102,217,178,189,127,542,435,162,179,279,88
244,166,103,218,179,190,133,595,439,164,185,302,89
247,168,104,226,187,194,143,615,500,168,191,305,90
248,169,105,227,189,196,144,677,519,173,199,351,93
255,173,106,230,194,197,145,738,528,174,205,370,95
257,176,108,236,197,199,146,745,564,175,207,403,96
259,181,109,251,202,204,150,811,601,177,208,418,98
266,197,110,254,209,210,151,868,606,178,209,436,99
267,211,111,264,214,215,152,982,636,181,210,438,100
274,225,112,269,218,219,153,987,656,185,216,490,101
275,226,115,279,220,220,154,1015,722,186,220,500,104
277,228,116,287,223,221,156,1048,746,188,221,591,105
278,230,117,289,227,223,161,1050,786,191,222,606,108
279,231,119,311,228,225,163,1056,787,193,236,618,109
280,244,121,312,230,230,164,1079,838,194,237,636,111
285,249,125,315,233,236,165,1098,876,195,247,688,113
286,250,127,319,234,237,170,1140,917,198,249,702,116
297,251,129,322,241,238,174,1197,939,203,251,707,118
300,265,134,331,243,240,183,1205,991,208,253,722,119
303,268,135,337,245,243,184,1211,1002,209,254,738,120
308,275,136,342,247,252,186,1229,1029,211,256,744,122
309,280,139,344,250,253,187,1233,1033,212,258,745,125
315,281,140,345,251,255,188,1240,1050,213,268,802,127
317,287,142,353,255,264,189,1252,1057,220,269,824,128
324,295,146,356,257,266,190,1256,1140,223,272,826,129
328,296,150,369,266,267,191,1321,1147,227,284,838,133
330,299,153,370,267,269,194,1330,1163,229,285,882,134
331,305,155,378,269,271,196,1342,1181,236,289,896,136
334,309,156,384,271,273,197,1357,1210,237,290,950,139
335,315,157,385,273,274,198,1384,1224,241,292,975,140
336,321,159,392,275,275,199,1426,1241,243,295,1038,141
337,322,164,399,278,277,200,1456,1279,244,297,1044,143
341,326,166,402,282,282,204,1501,1298,247,300,1054,144
345,339,168,403,285,284,207,1565,1323,250,301,1070,145
346,341,172,405,286,285,208,1582,1327,253,307,1131,150
347,342,173,418,290,286,211,1609,1415,254,308,1176,154
348,350,175,437,293,294,212,1618,1449,256,309,1181,155
349,359,176,442,295,296,213,1639,1478,264,314,1259,156
350,368,177,443,296,297,214,1662,1556,265,315,1276,157
354,370,180,445,297,299,216,1675,1611,267,316,1332,159
356,371,183,447,299,300,220,1729,1672,269,317,1335,160
359,373,184,463,302,303,221,1823,1692,270,320,1338,162
363,374,186,468,308,305,222,1831,1737,271,322,1386,163
369,378,189,470,311,308,223,1869,1821,276,329,1398,165
371,382,190,472,312,313,226,1889,1836,277,331,1403,168
372,388,191,473,313,314,227,2033,1843,283,334,1415,171
374,389,192,483,314,315,229,2043,1875,284,335,1426,173
375,395,195,486,315,317,230,2068,1879,286,339,1451,174
376,400,198,489,317,318,232,2092,1882,291,346,1476,176
386,405,201,496,318,319,233,2168,1914,292,349,1484,177
387,409,202,513,319,322,235,2198,2012,296,350,1587,178
392,417,204,522,321,324,236,2212,2025,298,351,1593,179
393,418,205,546,324,328,238,2263,2028,299,353,1697,180
394,419,209,548,326,330,240,2319,2043,301,354,1813,181
400,424,211,565,328,331,241,2430,2051,303,355,1836,182
402,429,212,572,329,336,242,2472,2140,304,356,1869,186
403,431,213,582,331,337,250,2521,2243,305,357,1893,190
404,433,214,583,333,345,251,2583,2248,306,358,1933,191
406,437,215,585,334,347,253,2585,2303,311,359,1950,192
407,454,217,588,335,348,254,2624,2328,315,360,2031,193
411,455,220,596,337,349,255,2673,2379,317,363,2044,194
412,479,221,606,341,351,256,2699,2454,318,366,2060,195
413,484,222,608,345,358,257,2753,2655,321,368,2081,196
416,486,223,609,346,359,258,2762,2697,329,369,2090,198
417,489,224,614,347,362,260,2774,2846,336,372,2160,199
420,495,225,622,348,363,263,2836,2898,337,373,2195,200
422,497,226,625,349,365,264,2925,2929,338,374,2243,201
423,500,227,635,350,372,268,2963,3022,339,377,2247,206
425,509,228,636,351,374,269,2973,3028,344,379,2329,209
428,510,230,640,353,376,270,2974,3061,348,385,2333,211
433,513,233,645,354,377,271,2994,3086,349,386,2371,212
439,519,235,647,356,379,272,3011,3091,351,387,2434,213
442,522,236,649,362,380,273,3035,3124,354,388,2441,214
444,524,237,664,363,385,276,3047,3211,358,389,2450,215
449,529,239,674,372,387,278,3057,3226,361,390,2465,216
453,533,241,689,375,390,279,3062,3264,363,391,2508,219
456,534,244,694,376,392,281,3099,3428,367,392,2552,221
457,537,247,697,377,393,283,3110,3473,370,393,2577,222
458,541,248,713,378,394,284,3150,3529,371,396,2672,223
461,543,250,715,380,395,286,3161,3530,372,398,2737,224
470,547,251,716,382,396,288,3212,3609,373,399,2747,226
475,565,255,723,385,397,289,3216,3625,376,400,2792,227
477,568,256,730,386,400,291,3256,3658,378,401,2851,228
480,571,257,737,387,403,295,3339,3671,380,402,2864,230
485,578,258,741,390,404,296,3401,3692,384,405,2869,233
486,581,260,749,393,405,299,3417,3701,385,406,2879,236
490,584,263,772,400,406,300,3449,3733,386,409,2918,237
493,590,264,780,403,407,302,3482,3755,391,412,2939,238
494,592,266,790,404,408,304,3492,3756,392,413,3019,239
498,594,267,792,406,410,305,3511,3762,393,415,3039,241
499,604,270,793,407,411,306,3513,3817,394,418,3080,244
500,606,273,806,408,412,307,3515,4071,395,419,3087,246
501,607,278,829,410,413,308,3621,4086,397,420,3191,247
502,619,279,836,411,417,310,3630,4249,400,427,3256,249
503,620,280,837,417,418,312,3632,4341,403,428,3284,250
506,625,281,838,418,420,316,3633,5027,405,429,3311,251
507,634,282,846,419,423,317,3664,6856,407,430,3359,253
508,646,284,850,420,425,319,3678,6913,409,431,3361,254
509,650,285,864,423,427,322,3679,7077,410,432,3432,258
510,661,286,873,425,432,324,3686,7242,412,433,3562,259
511,664,287,875,428,433,330,3749,7264,413,439,3625,261
513,665,289,889,429,436,331,3779,7496,414,440,3675,262
516,671,291,891,433,437,333,3814,7533,418,442,3720,264
517,673,295,897,434,439,334,3817,,422,443,3728,266
519,679,296,909,437,441,335,3826,,423,445,3822,267
520,683,298,913,439,442,337,3908,,430,448,3832,268
521,689,299,925,446,446,338,3911,,431,449,3854,270
524,696,303,934,449,448,339,3925,,434,450,3860,271
525,703,304,938,450,449,341,3985,,435,452,3912,277
528,726,305,950,452,450,345,4007,,436,456,3985,279
530,733,308,972,456,452,347,4069,,440,457,4162,281
531,736,310,989,461,453,348,4074,,442,459,4226,283
536,737,311,1007,469,454,349,4118,,444,460,4286,284
539,742,312,1013,473,455,350,4182,,447,462,4386,286
540,745,313,1022,474,456,351,4292,,453,463,4483,287
545,751,314,1041,479,457,352,4670,,457,465,4529,288
548,752,315,1048,482,458,355,4709,,463,467,4629,291
550,766,317,1049,483,461,356,4734,,466,468,4916,295
557,781,318,1050,484,463,357,4750,,468,469,5160,296
558,782,319,1061,485,465,358,4931,,471,470,5800,298
561,790,320,1064,486,467,362,4959,,472,472,6467,300
563,808,321,1085,487,469,363,5619,,475,474,6692,301
564,812,322,1106,488,470,365,6651,,476,476,6785,303
565,820,323,1121,489,471,366,6837,,477,477,6915,304
568,838,324,1125,490,473,367,6841,,481,478,7121,308
571,846,327,1148,491,477,369,6888,,482,479,7367,309
573,879,328,1158,492,479,371,7057,,483,486,7433,313
574,881,329,1195,493,480,372,7237,,487,487,8037,314
575,905,330,1204,496,485,373,7386,,489,488,,315
576,908,331,1268,497,488,374,7413,,491,489,,316
578,911,332,1274,498,489,376,7445,,492,490,,318
579,913,333,1282,499,490,377,7485,,495,491,,319
580,962,334,1308,500,491,378,7593,,498,493,,321
582,966,335,1313,502,492,381,8029,,503,494,,323
586,967,337,1326,503,493,382,8092,,505,495,,324
590,972,338,1358,506,494,383,8157,,508,498,,325
591,995,342,1408,508,495,385,8328,,516,500,,326
592,1001,343,1470,509,497,387,,,517,501,,327
597,1007,344,1508,510,498,389,,,518,502,,328
600,1024,346,1562,511,499,390,,,519,503,,329
601,1048,347,1581,513,500,393,,,521,505,,330
603,1052,350,1586,514,501,394,,,527,507,,332
605,1056,351,1643,515,502,397,,,528,508,,333
606,1058,354,1684,517,503,398,,,530,509,,337
607,1059,355,1799,519,505,402,,,533,510,,342
609,1095,356,1810,521,506,404,,,543,511,,343
613,1098,359,1980,525,507,405,,,549,512,,344
614,1104,360,2018,526,509,407,,,554,515,,345
615,1116,362,2037,527,510,408,,,556,516,,346
618,1117,364,2164,529,511,409,,,557,517,,347
619,1130,365,2195,531,513,410,,,558,518,,349
620,1151,366,2230,533,516,412,,,559,519,,350
621,1163,368,2289,538,517,413,,,564,520,,351
622,1186,369,2487,539,519,416,,,578,522,,356
625,1190,370,2905,540,521,417,,,585,523,,359
626,1210,372,2951,541,523,420,,,590,524,,361
629,1215,373,2967,542,524,421,,,595,526,,362
631,1300,377,3048,545,525,423,,,596,528,,363
634,1303,382,3070,550,527,424,,,597,529,,367
636,1309,387,3110,551,528,425,,,599,533,,369
637,1327,389,3165,552,529,426,,,605,534,,371
638,1355,390,3169,554,530,428,,,606,537,,372
641,1393,391,3171,558,532,429,,,609,538,,373
642,1463,394,3240,559,534,430,,,616,539,,374
644,1508,395,3256,561,535,432,,,620,540,,375
645,1534,397,3332,562,536,433,,,622,542,,380
650,1538,398,3401,563,538,436,,,632,544,,383
651,1559,399,3417,564,539,438,,,637,546,,384
653,1561,402,3428,570,540,439,,,641,548,,387
656,1564,403,3443,573,546,443,,,643,549,,390
658,1566,404,3456,574,547,445,,,656,550,,391
659,1607,405,3460,575,549,447,,,658,551,,392
660,1621,406,3463,576,554,448,,,661,553,,393
662,1631,407,3495,578,555,451,,,674,554,,396
663,1656,408,3536,579,558,452,,,678,555,,397
664,1685,409,3547,580,559,454,,,680,556,,401
665,1720,410,3580,581,560,456,,,684,557,,402
666,1754,411,3625,582,561,460,,,689,558,,403
669,1804,413,3639,583,562,462,,,693,559,,405
674,1830,415,3664,585,563,463,,,695,562,,409
675,1841,417,3668,586,564,465,,,701,563,,411
676,1862,420,3816,588,570,468,,,702,567,,412
677,1864,424,3822,590,571,470,,,704,572,,413
678,1883,426,3863,591,574,472,,,706,573,,414
680,1896,427,3911,592,576,473,,,709,574,,415
681,2032,430,3942,599,580,477,,,713,577,,416
682,2125,431,3985,603,581,478,,,721,578,,417
683,2275,432,4038,605,582,479,,,722,581,,418
688,2423,434,4079,606,584,480,,,728,582,,419
692,2586,435,4106,609,585,482,,,755,584,,420
696,2679,436,4142,614,586,484,,,756,585,,422
699,2724,437,4183,617,588,486,,,761,586,,426
700,2809,438,4191,618,592,487,,,770,587,,428
701,2852,443,4200,620,595,488,,,771,588,,430
702,2889,444,4202,621,596,489,,,773,589,,431
703,3002,447,4219,627,600,492,,,777,590,,432
706,3046,448,4226,629,601,493,,,786,592,,435
707,3133,450,4248,631,603,499,,,787,595,,437
708,3260,452,4252,632,605,500,,,790,596,,438
710,3294,453,4267,633,606,501,,,802,601,,439
714,3329,454,4336,637,607,502,,,803,603,,440
715,3366,460,4345,638,608,504,,,809,605,,441
716,3456,461,4360,639,609,505,,,818,606,,442
717,3487,463,4416,642,610,507,,,826,607,,443
718,3595,467,4418,645,614,508,,,847,611,,444
719,3629,468,4419,646,616,509,,,849,612,,445
721,3672,469,4483,648,620,515,,,850,614,,446
723,3701,470,4581,652,621,516,,,858,615,,448
724,3813,472,4604,655,626,520,,,863,617,,450
726,3848,473,4659,656,629,524,,,865,618,,451
729,4217,474,4684,658,631,527,,,868,619,,455
730,4663,475,4689,660,634,528,,,874,621,,456
734,4698,477,4710,661,636,529,,,878,622,,457
735,4758,480,4740,662,637,530,,,881,623,,458
737,4916,481,4787,664,638,531,,,887,624,,461
738,4938,482,4812,666,639,532,,,891,625,,462
741,5027,483,4819,669,641,533,,,901,626,,465
743,5113,487,4825,670,642,535,,,902,627,,468
747,5143,488,4905,672,644,538,,,903,630,,471
749,5160,489,4922,674,645,541,,,913,631,,472
751,5402,490,4937,676,646,543,,,914,633,,475
755,5440,491,4955,677,648,544,,,929,634,,476
759,5444,492,4957,680,653,545,,,935,635,,482
760,5477,495,5001,681,654,546,,,938,637,,486
761,5492,498,5067,683,656,547,,,943,638,,488
765,5591,499,5118,684,659,548,,,954,643,,489
766,5689,500,5132,685,660,550,,,957,645,,492
767,5757,501,5160,686,661,555,,,958,648,,494
768,5775,505,5217,689,662,558,,,959,650,,500
769,5777,507,5241,690,663,560,,,976,651,,501
773,5799,508,5260,693,664,562,,,978,653,,511
775,5816,509,5291,696,665,563,,,985,656,,515
776,5819,510,5355,699,666,565,,,989,657,,516
784,5961,511,5385,700,669,567,,,1004,658,,517
785,5963,514,5444,701,672,568,,,1023,659,,521
786,6033,515,5473,702,673,573,,,1025,660,,522
791,6035,520,5507,705,674,576,,,1036,661,,524
793,6261,521,5534,706,676,577,,,1073,662,,526
796,6401,522,5547,710,677,582,,,1081,665,,527
801,6631,525,5743,711,681,583,,,1082,667,,528
803,6718,526,5751,713,683,584,,,1087,670,,530
805,6731,528,5833,714,685,587,,,1096,671,,531
806,6740,530,5879,715,686,588,,,1128,672,,532
811,,531,5953,718,687,590,,,1129,673,,533
812,,538,5961,719,692,591,,,1132,674,,536
818,,541,5985,725,693,595,,,1133,675,,540
819,,543,6017,726,697,596,,,1152,676,,541
820,,544,6058,730,699,597,,,1158,678,,543
821,,545,6764,731,700,602,,,1163,679,,548
824,,546,6921,734,701,603,,,1166,680,,550
825,,548,,737,702,606,,,1181,681,,552
828,,549,,738,704,608,,,1188,683,,553
831,,550,,741,705,610,,,1189,685,,555
833,,552,,745,706,611,,,1207,687,,556
834,,553,,747,707,613,,,1216,689,,561
835,,556,,750,710,614,,,1232,690,,562
836,,560,,751,711,616,,,1245,691,,564
840,,561,,755,714,617,,,1249,692,,568
842,,562,,756,715,618,,,1266,693,,577
843,,563,,759,717,619,,,1273,694,,579
845,,565,,760,718,620,,,1278,696,,585
846,,567,,761,719,624,,,1314,699,,587
851,,569,,763,723,625,,,1365,700,,589
852,,570,,764,724,626,,,1414,702,,590
855,,573,,765,725,627,,,1454,703,,592
856,,574,,766,727,628,,,1504,704,,593
862,,575,,767,730,630,,,1540,705,,594
866,,576,,771,731,631,,,1630,708,,595
868,,578,,772,733,632,,,1639,709,,596
871,,582,,773,734,634,,,1650,713,,597
875,,584,,774,735,636,,,1670,714,,599
876,,585,,776,738,637,,,1764,716,,601
877,,586,,779,741,638,,,1770,717,,603
878,,587,,780,743,641,,,1784,718,,604
880,,588,,784,744,642,,,1816,721,,605
881,,589,,785,745,645,,,1836,722,,606
885,,590,,786,747,646,,,1893,725,,610
887,,591,,791,751,647,,,1932,726,,612
890,,592,,792,759,648,,,1998,728,,615
891,,594,,793,760,649,,,2094,730,,620
892,,596,,795,761,651,,,2309,731,,623
905,,597,,797,763,655,,,2346,733,,626
908,,599,,800,764,657,,,2485,734,,627
909,,600,,801,765,658,,,2499,735,,628
910,,601,,802,766,660,,,2568,736,,630
911,,602,,803,767,663,,,2668,737,,631
914,,603,,805,768,666,,,2679,738,,634
915,,605,,806,769,668,,,2685,739,,635
920,,606,,808,773,670,,,2715,740,,636
922,,608,,811,779,672,,,2782,742,,639
924,,609,,812,780,676,,,2835,743,,640
930,,610,,817,783,678,,,2836,744,,641
935,,612,,818,785,679,,,2849,745,,643
938,,614,,821,786,682,,,2851,747,,644
939,,616,,824,788,683,,,3011,748,,645
941,,620,,828,791,684,,,3018,749,,647
943,,625,,836,792,687,,,3022,751,,650
945,,630,,837,794,688,,,3080,753,,652
950,,633,,845,797,692,,,3087,754,,653
959,,634,,846,798,694,,,3091,755,,656
960,,635,,847,802,695,,,3097,757,,662
961,,639,,849,805,698,,,3111,758,,666
962,,640,,851,806,701,,,3164,759,,668
965,,641,,853,808,702,,,3169,760,,675
966,,643,,854,810,704,,,3185,761,,676
967,,645,,856,811,705,,,3191,765,,678
968,,646,,858,817,706,,,3203,768,,679
977,,647,,859,819,708,,,3220,770,,688
982,,649,,860,820,712,,,3240,771,,690
983,,650,,861,821,714,,,3255,773,,692
984,,651,,868,823,718,,,3259,777,,694
989,,652,,871,824,719,,,3286,778,,695
993,,657,,875,825,720,,,3322,779,,701
995,,662,,876,834,722,,,3324,782,,707
999,,663,,880,837,725,,,3345,783,,708
1001,,664,,882,840,726,,,3384,784,,714
1003,,666,,885,841,730,,,3433,785,,715
1007,,672,,886,842,731,,,3451,787,,717
1008,,673,,887,843,732,,,3456,788,,718
1020,,674,,888,845,736,,,3547,789,,721
1022,,675,,895,847,738,,,3597,790,,723
1024,,676,,896,852,740,,,3638,791,,729
1027,,677,,897,853,743,,,3640,792,,730
1028,,679,,899,859,745,,,3647,793,,731
1031,,683,,905,860,748,,,3658,794,,736
1034,,686,,906,861,750,,,3659,795,,740
1036,,688,,908,865,758,,,3666,796,,743
1045,,690,,910,866,759,,,3668,797,,745
1046,,691,,912,868,760,,,3670,798,,746
1055,,692,,913,869,761,,,3671,800,,749
1056,,693,,917,871,762,,,3718,804,,750
1059,,697,,926,874,763,,,3741,805,,751
1067,,702,,927,876,764,,,3753,806,,753
1071,,708,,933,878,765,,,3781,807,,759
1077,,712,,935,884,766,,,3805,810,,760
1079,,713,,939,885,773,,,3814,811,,761
1080,,714,,941,888,775,,,3822,812,,763
1083,,715,,946,890,780,,,3839,813,,765
1087,,716,,951,891,781,,,3841,814,,767
1091,,717,,959,892,788,,,3846,815,,769
1094,,721,,961,901,792,,,3852,818,,771
1095,,723,,965,903,794,,,3857,819,,774
1101,,724,,977,905,796,,,3859,820,,776
1104,,727,,982,907,801,,,3876,823,,777
1107,,730,,984,909,804,,,3877,824,,779
1112,,731,,986,910,810,,,3882,825,,780
1115,,732,,988,913,811,,,3896,826,,781
1116,,733,,989,914,815,,,3923,827,,782
1117,,735,,992,920,816,,,3926,828,,783
1121,,736,,994,922,819,,,3939,829,,785
1137,,737,,999,924,821,,,3942,831,,786
1138,,738,,1000,928,829,,,3954,832,,788
1140,,742,,1002,930,830,,,3970,833,,790
1142,,746,,1003,935,831,,,4000,835,,792
1150,,749,,1007,938,834,,,4025,836,,795
1151,,751,,1010,939,835,,,4028,837,,796
1158,,752,,1018,941,837,,,4041,840,,797
1163,,758,,1024,945,839,,,4070,841,,800
1169,,760,,1025,959,848,,,4079,843,,802
1173,,762,,1027,960,852,,,4081,844,,803
1179,,763,,1028,961,853,,,4084,845,,809
1184,,764,,1031,962,854,,,4109,846,,812
1186,,765,,1044,965,858,,,4127,847,,814
1198,,768,,1046,967,859,,,4142,848,,815
1201,,770,,1047,968,864,,,4150,849,,817
1209,,771,,1055,973,865,,,4156,851,,821
1215,,772,,1056,977,867,,,4163,855,,824
1216,,773,,1057,982,871,,,4219,856,,828
1217,,781,,1058,984,873,,,4232,857,,832
1235,,783,,1059,989,881,,,4253,858,,834
1236,,784,,1067,992,883,,,4283,859,,836
1238,,789,,1069,993,884,,,4318,860,,838
1249,,791,,1078,995,886,,,4332,862,,841
1251,,792,,1083,999,890,,,4360,863,,842
1252,,802,,1090,1000,898,,,4404,865,,843
1256,,803,,1091,1003,903,,,4518,866,,845
1263,,804,,1100,1006,906,,,4568,867,,847
1264,,805,,1104,1007,907,,,4601,871,,849
1287,,807,,1107,1008,910,,,4604,873,,851
1294,,809,,1111,1016,917,,,4678,876,,852
1300,,810,,1113,1020,919,,,4710,878,,856
1304,,811,,1116,1022,924,,,4721,880,,860
1308,,812,,1117,1025,927,,,4735,881,,862
1309,,814,,1133,1028,929,,,4798,884,,864
1314,,815,,1137,1031,932,,,4824,886,,865
1317,,816,,1140,1032,934,,,4825,889,,868
1326,,818,,1147,1035,938,,,4841,890,,870
1327,,821,,1150,1037,945,,,4845,893,,871
1351,,827,,1154,1043,946,,,4855,894,,876
1354,,834,,1156,1047,947,,,4985,895,,878
1357,,835,,1161,1048,951,,,5003,896,,886
1370,,838,,1170,1056,954,,,5010,897,,891
1376,,839,,1178,1057,955,,,5018,898,,893
1388,,841,,1185,1060,959,,,5026,900,,894
1391,,846,,1191,1062,960,,,5094,901,,896
1427,,848,,1194,1070,961,,,5132,902,,897
1437,,850,,1201,1076,968,,,5141,903,,898
1438,,853,,1202,1077,973,,,5183,904,,901
1464,,858,,1203,1078,977,,,5221,905,,903
1504,,859,,1209,1080,978,,,5282,906,,906
1508,,860,,1211,1082,979,,,5297,907,,907
1510,,863,,1212,1083,980,,,5311,909,,909
1534,,864,,1235,1091,985,,,5355,911,,911
1541,,865,,1264,1094,986,,,5368,912,,912
1544,,866,,1282,1101,987,,,5444,913,,914
1564,,868,,1284,1103,989,,,5456,914,,918
1587,,870,,1294,1104,992,,,5469,915,,922
1612,,876,,1300,1107,994,,,5506,916,,923
1623,,886,,1302,1109,1006,,,5594,917,,924
1629,,887,,1308,1112,1009,,,5605,922,,926
1688,,893,,1310,1116,1010,,,5646,923,,927
1699,,895,,1314,1118,1011,,,5685,925,,929
1735,,897,,1317,1122,1012,,,5690,927,,934
1787,,901,,1321,1127,1018,,,5757,929,,938
1807,,909,,1327,1140,1023,,,5777,930,,939
1830,,911,,1331,1150,1026,,,5793,932,,944
1999,,912,,1342,1151,1028,,,5799,933,,946
2016,,913,,1355,1153,1036,,,5816,937,,954
2020,,916,,1384,1158,1039,,,5819,938,,955
2061,,920,,1459,1163,1040,,,5865,939,,957
2095,,921,,1495,1166,1041,,,5936,940,,961
2111,,922,,1544,1169,1043,,,5946,941,,963
2125,,923,,1609,1171,1048,,,5976,943,,964
2256,,925,,1637,1174,1049,,,6088,944,,965
2273,,926,,1639,1176,1051,,,6119,945,,967
2367,,927,,1661,1178,1057,,,6126,946,,974
2480,,929,,1675,1180,1066,,,6215,948,,977
2791,,931,,1707,1199,1068,,,6390,949,,978
3601,,933,,1730,1200,1071,,,7148,950,,979
3632,,934,,1734,1201,1072,,,,951,,983
3920,,938,,1739,1209,1075,,,,952,,985
4158,,944,,1800,1216,1078,,,,953,,986
4315,,945,,1830,1220,1082,,,,954,,988
4395,,947,,1947,1226,1084,,,,955,,989
4438,,948,,2033,1238,1085,,,,956,,994
4471,,950,,2058,1245,1087,,,,959,,998
4595,,953,,2093,1246,1088,,,,960,,1005
4631,,954,,2141,1249,1092,,,,961,,1006
4682,,955,,2196,1254,1098,,,,963,,1007
4798,,957,,2343,1256,1099,,,,965,,1011
4841,,963,,2359,1263,1104,,,,966,,1012
4845,,966,,2365,1283,1105,,,,967,,1013
4855,,969,,2430,1287,1106,,,,969,,1014
4888,,972,,2460,1288,1116,,,,973,,1018
4901,,974,,2667,1302,1120,,,,974,,1019
4967,,978,,2763,1304,1121,,,,975,,1020
4983,,979,,2791,1308,1122,,,,976,,1021
4985,,983,,2948,1314,1123,,,,977,,1022
4991,,985,,3749,1327,1130,,,,979,,1025
4996,,986,,3817,1331,1136,,,,980,,1028
5029,,987,,3911,1358,1138,,,,981,,1036
5054,,992,,4258,1370,1139,,,,982,,1041
5063,,993,,4888,1376,1145,,,,983,,1042
5067,,994,,4918,1389,1146,,,,985,,1043
5074,,997,,4983,1391,1148,,,,987,,1046
5089,,1006,,5003,1399,1153,,,,988,,1052
5096,,1007,,5089,1408,1171,,,,989,,1061
5177,,1009,,5394,1436,1172,,,,990,,1064
5208,,1010,,5506,1437,1174,,,,992,,1066
5278,,1013,,5522,1438,1181,,,,995,,1067
5368,,1015,,5538,1446,1182,,,,996,,1070
5456,,1018,,5587,1447,1183,,,,997,,1075
5506,,1019,,5603,1448,1194,,,,998,,1076
5571,,1020,,5699,1449,1197,,,,999,,1081
5603,,1021,,5710,1459,1200,,,,1000,,1082
5683,,1022,,5743,1462,1204,,,,1001,,1088
5720,,1024,,5759,1490,1207,,,,1003,,1089
5743,,1025,,6139,1510,1210,,,,1004,,1091
5759,,1030,,6473,1522,1211,,,,1005,,1097
5822,,1031,,6617,1526,1214,,,,1006,,1098
5901,,1033,,7124,1544,1217,,,,1009,,1106
6139,,1035,,7380,1564,1219,,,,1010,,1107
6238,,1036,,,1587,1225,,,,1011,,1109
6473,,1039,,,1613,1233,,,,1012,,1111
6564,,1040,,,1623,1246,,,,1015,,1112
6565,,1041,,,1629,1250,,,,1016,,1116
6817,,1042,,,1646,1251,,,,1017,,1117
6823,,1043,,,1656,1252,,,,1018,,1120
6907,,1045,,,1699,1259,,,,1019,,1122
7044,,1051,,,1714,1266,,,,1020,,1125
7094,,1053,,,1735,1274,,,,1021,,1128
7121,,1057,,,1763,1275,,,,1023,,1131
7182,,1059,,,1789,1279,,,,1025,,1133
7371,,1066,,,1830,1280,,,,1026,,1146
,,1070,,,1860,1282,,,,1027,,1151
,,1078,,,1862,1291,,,,1029,,1156
,,1082,,,1893,1297,,,,1031,,1157
,,1083,,,1914,1306,,,,1033,,1159
,,1085,,,1993,1308,,,,1034,,1160
,,1088,,,1997,1311,,,,1035,,1163
,,1092,,,2001,1332,,,,1036,,1166
,,1093,,,2029,1351,,,,1037,,1170
,,1097,,,2033,1355,,,,1038,,1174
,,1099,,,2037,1359,,,,1040,,1183
,,1100,,,2048,1360,,,,1042,,1184
,,1101,,,2058,1364,,,,1043,,1189
,,1105,,,2088,1366,,,,1044,,1191
,,1106,,,2138,1371,,,,1045,,1194
,,1107,,,2171,1382,,,,1046,,1197
,,1110,,,2224,1386,,,,1047,,1198
,,1116,,,2256,1389,,,,1048,,1199
,,1118,,,2268,1391,,,,1049,,1200
,,1120,,,2296,1395,,,,1050,,1206
,,1121,,,2317,1401,,,,1051,,1208
,,1122,,,2359,1413,,,,1052,,1211
,,1123,,,2381,1415,,,,1053,,1212
,,1125,,,2421,1418,,,,1057,,1216
,,1136,,,2449,1422,,,,1058,,1219
,,1139,,,2934,1424,,,,1059,,1232
,,1144,,,2964,1425,,,,1060,,1234
,,1145,,,3621,1427,,,,1061,,1235
,,1148,,,3828,1432,,,,1063,,1239
,,1155,,,4352,1437,,,,1064,,1246
,,1157,,,4401,1444,,,,1066,,1249
,,1168,,,4490,1445,,,,1067,,1267
,,1169,,,4679,1446,,,,1068,,1280
,,1170,,,4691,1452,,,,1071,,1287
,,1184,,,4864,1464,,,,1072,,1295
,,1186,,,4936,1469,,,,1074,,1300
,,1190,,,5130,1472,,,,1075,,1308
,,1192,,,5183,1477,,,,1076,,1312
,,1193,,,5394,1479,,,,1078,,1313
,,1195,,,5538,1481,,,,1080,,1317
,,1196,,,5545,1489,,,,1081,,1322
,,1198,,,5680,1490,,,,1082,,1323
,,1199,,,5780,1496,,,,1085,,1326
,,1202,,,5791,1502,,,,1088,,1331
,,1207,,,5877,1508,,,,1090,,1343
,,1210,,,5902,1514,,,,1091,,1344
,,1214,,,6341,1519,,,,1092,,1351
,,1223,,,6617,1520,,,,1093,,1358
,,1226,,,7124,1523,,,,1095,,1360
,,1230,,,7221,1527,,,,1097,,1366
,,1232,,,,1530,,,,1098,,1370
,,1235,,,,1533,,,,1100,,1376
,,1236,,,,1538,,,,1101,,1378
,,1239,,,,1548,,,,1102,,1380
,,1246,,,,1549,,,,1104,,1382
,,1253,,,,1553,,,,1105,,1394
,,1255,,,,1554,,,,1106,,1398
,,1259,,,,1557,,,,1107,,1412
,,1260,,,,1558,,,,1108,,1415
,,1263,,,,1559,,,,1112,,1417
,,1268,,,,1564,,,,1113,,1425
,,1270,,,,1566,,,,1114,,1433
,,1274,,,,1572,,,,1116,,1435
,,1275,,,,1584,,,,1122,,1437
,,1279,,,,1585,,,,1123,,1438
,,1280,,,,1587,,,,1124,,1445
,,1298,,,,1588,,,,1126,,1448
,,1299,,,,1594,,,,1127,,1449
,,1300,,,,1600,,,,1128,,1450
,,1302,,,,1602,,,,1129,,1460
,,1308,,,,1615,,,,1130,,1461
,,1310,,,,1622,,,,1131,,1462
,,1320,,,,1627,,,,1132,,1472
,,1321,,,,1634,,,,1133,,1475
,,1323,,,,1661,,,,1134,,1480
,,1329,,,,1667,,,,1135,,1481
,,1330,,,,1668,,,,1136,,1487
,,1335,,,,1669,,,,1138,,1495
,,1342,,,,1671,,,,1139,,1501
,,1355,,,,1674,,,,1142,,1502
,,1359,,,,1685,,,,1144,,1505
,,1363,,,,1687,,,,1148,,1510
,,1368,,,,1689,,,,1150,,1511
,,1370,,,,1693,,,,1151,,1513
,,1375,,,,1702,,,,1153,,1533
,,1376,,,,1715,,,,1154,,1538
,,1382,,,,1719,,,,1156,,1545
,,1384,,,,1723,,,,1157,,1549
,,1386,,,,1727,,,,1160,,1553
,,1389,,,,1733,,,,1161,,1554
,,1394,,,,1737,,,,1163,,1556
,,1407,,,,1743,,,,1167,,1559
,,1426,,,,1745,,,,1168,,1561
,,1428,,,,1759,,,,1169,,1564
,,1435,,,,1793,,,,1171,,1566
,,1437,,,,1802,,,,1174,,1567
,,1448,,,,1810,,,,1179,,1574
,,1458,,,,1819,,,,1181,,1584
,,1461,,,,1822,,,,1182,,1585
,,1468,,,,1841,,,,1183,,1589
,,1471,,,,1847,,,,1185,,1594
,,1476,,,,1855,,,,1187,,1595
,,1485,,,,1860,,,,1188,,1601
,,1486,,,,1865,,,,1189,,1605
,,1494,,,,1872,,,,1192,,1606
,,1502,,,,1882,,,,1193,,1607
,,1505,,,,1888,,,,1195,,1608
,,1508,,,,1896,,,,1202,,1609
,,1511,,,,1915,,,,1205,,1612
,,1513,,,,1922,,,,1207,,1615
,,1518,,,,1928,,,,1208,,1621
,,1519,,,,1933,,,,1211,,1632
,,1522,,,,1937,,,,1212,,1638
,,1523,,,,1939,,,,1213,,1643
,,1527,,,,1942,,,,1215,,1656
,,1528,,,,1948,,,,1217,,1667
,,1530,,,,1953,,,,1219,,1671
,,1536,,,,1958,,,,1221,,1682
,,1546,,,,1964,,,,1222,,1689
,,1552,,,,1968,,,,1223,,1697
,,1553,,,,1975,,,,1226,,1702
,,1554,,,,1984,,,,1227,,1708
,,1556,,,,1991,,,,1229,,1716
,,1557,,,,1997,,,,1235,,1720
,,1559,,,,2005,,,,1238,,1722
,,1562,,,,2014,,,,1239,,1731
,,1580,,,,2021,,,,1242,,1734
,,1584,,,,2031,,,,1244,,1735
,,1589,,,,2036,,,,1246,,1741
,,1602,,,,2063,,,,1249,,1748
,,1609,,,,2074,,,,1259,,1750
,,1611,,,,2088,,,,1262,,1759
,,1613,,,,2091,,,,1263,,1775
,,1614,,,,2100,,,,1265,,1777
,,1624,,,,2106,,,,1267,,1785
,,1627,,,,2109,,,,1268,,1787
,,1630,,,,2111,,,,1269,,1808
,,1648,,,,2117,,,,1272,,1820
,,1658,,,,2121,,,,1277,,1823
,,1667,,,,2134,,,,1278,,1842
,,1668,,,,2149,,,,1280,,1854
,,1673,,,,2154,,,,1282,,1862
,,1678,,,,2168,,,,1284,,1865
,,1685,,,,2169,,,,1285,,1872
,,1689,,,,2177,,,,1287,,1882
,,1698,,,,2178,,,,1288,,1883
,,1705,,,,2194,,,,1289,,1907
,,1708,,,,2197,,,,1290,,1929
,,1711,,,,2212,,,,1296,,1939
,,1716,,,,2214,,,,1297,,1952
,,1717,,,,2234,,,,1300,,1964
,,1720,,,,2243,,,,1301,,1969
,,1722,,,,2306,,,,1303,,1984
,,1723,,,,2338,,,,1304,,2006
,,1725,,,,2366,,,,1306,,2018
,,1726,,,,2375,,,,1308,,2027
,,1735,,,,2397,,,,1310,,2032
,,1737,,,,2402,,,,1311,,2043
,,1741,,,,2415,,,,1312,,2048
,,1752,,,,2441,,,,1317,,2055
,,1755,,,,2448,,,,1319,,2061
,,1759,,,,2455,,,,1321,,2068
,,1770,,,,2470,,,,1323,,2074
,,1771,,,,2483,,,,1325,,2077
,,1774,,,,2502,,,,1326,,2087
,,1781,,,,2512,,,,1332,,2094
,,1785,,,,2553,,,,1333,,2099
,,1793,,,,2580,,,,1334,,2115
,,1796,,,,2606,,,,1337,,2117
,,1808,,,,2612,,,,1340,,2118
,,1810,,,,2628,,,,1342,,2127
,,1825,,,,2677,,,,1346,,2129
,,1841,,,,2705,,,,1351,,2131
,,1842,,,,2707,,,,1355,,2134
,,1845,,,,2723,,,,1357,,2156
,,1912,,,,2778,,,,1358,,2169
,,1916,,,,2889,,,,1363,,2171
,,1918,,,,2924,,,,1364,,2193
,,1922,,,,2991,,,,1368,,2205
,,1931,,,,3058,,,,1369,,2208
,,1937,,,,3171,,,,1370,,2214
,,1939,,,,3192,,,,1394,,2221
,,1960,,,,3226,,,,1395,,2222
,,1969,,,,3256,,,,1396,,2228
,,1975,,,,3289,,,,1397,,2248
,,1991,,,,3329,,,,1403,,2254
,,1995,,,,3362,,,,1406,,2262
,,2036,,,,3420,,,,1409,,2279
,,2037,,,,3433,,,,1414,,2283
,,2051,,,,3439,,,,1422,,2287
,,2071,,,,3443,,,,1423,,2300
,,2073,,,,3447,,,,1425,,2321
,,2074,,,,3456,,,,1439,,2322
,,2084,,,,3580,,,,1445,,2324
,,2116,,,,3625,,,,1449,,2332
,,2121,,,,3634,,,,1450,,2337
,,2129,,,,3640,,,,1452,,2352
,,2131,,,,3647,,,,1453,,2356
,,2145,,,,3658,,,,1456,,2362
,,2149,,,,3668,,,,1459,,2366
,,2164,,,,3719,,,,1462,,2375
,,2171,,,,3722,,,,1464,,2388
,,2212,,,,3741,,,,1466,,2394
,,2214,,,,3756,,,,1468,,2395
,,2234,,,,3803,,,,1470,,2397
,,2239,,,,3813,,,,1477,,2401
,,2242,,,,3822,,,,1492,,2406
,,2243,,,,3846,,,,1496,,2413
,,2264,,,,3852,,,,1510,,2420
,,2271,,,,3857,,,,1512,,2423
,,2275,,,,3900,,,,1519,,2428
,,2277,,,,3929,,,,1520,,2437
,,2283,,,,3930,,,,1521,,2442
,,2291,,,,3942,,,,1522,,2445
,,2295,,,,3951,,,,1527,,2447
,,2306,,,,3952,,,,1531,,2449
,,2312,,,,3982,,,,1534,,2451
,,2326,,,,3985,,,,1541,,2469
,,2338,,,,4004,,,,1549,,2470
,,2343,,,,4019,,,,1557,,2483
,,2345,,,,4031,,,,1565,,2487
,,2347,,,,4083,,,,1570,,2502
,,2354,,,,4090,,,,1573,,2515
,,2365,,,,4109,,,,1588,,2533
,,2372,,,,4110,,,,1602,,2553
,,2377,,,,4118,,,,1604,,2559
,,2383,,,,4142,,,,1616,,2563
,,2395,,,,4144,,,,1621,,2568
,,2396,,,,4145,,,,1625,,2579
,,2400,,,,4150,,,,1626,,2580
,,2402,,,,4154,,,,1627,,2606
,,2407,,,,4182,,,,1628,,2612
,,2409,,,,4202,,,,1630,,2622
,,2415,,,,4210,,,,1634,,2641
,,2441,,,,4229,,,,1638,,2679
,,2444,,,,4263,,,,1640,,2685
,,2451,,,,4267,,,,1641,,2698
,,2455,,,,4289,,,,1649,,2782
,,2464,,,,4326,,,,1655,,2837
,,2470,,,,4345,,,,1659,,2839
,,2483,,,,4385,,,,1665,,2851
,,2489,,,,4390,,,,1666,,2889
,,2502,,,,4391,,,,1671,,2918
,,2515,,,,4404,,,,1690,,2985
,,2521,,,,4416,,,,1693,,3011
,,2531,,,,4418,,,,1694,,3018
,,2544,,,,4455,,,,1697,,3022
,,2549,,,,4496,,,,1704,,3080
,,2551,,,,4497,,,,1711,,3087
,,2553,,,,4565,,,,1714,,3091
,,2580,,,,4570,,,,1719,,3097
,,2581,,,,4581,,,,1721,,3146
,,2583,,,,4604,,,,1722,,3169
,,2606,,,,4649,,,,1724,,3171
,,2612,,,,4667,,,,1728,,3185
,,2622,,,,4671,,,,1729,,3191
,,2722,,,,4681,,,,1730,,3203
,,2724,,,,4716,,,,1731,,3220
,,2841,,,,4749,,,,1734,,3255
,,2857,,,,4758,,,,1737,,3259
,,2889,,,,4763,,,,1742,,3286
,,2905,,,,4787,,,,1748,,3299
,,2914,,,,4790,,,,1749,,3326
,,2975,,,,4793,,,,1750,,3329
,,2982,,,,4812,,,,1754,,3345
,,3035,,,,4855,,,,1759,,3361
,,3124,,,,4872,,,,1762,,3377
,,3165,,,,4885,,,,1765,,3384
,,3169,,,,4910,,,,1766,,3396
,,3171,,,,4990,,,,1768,,3410
,,3215,,,,5002,,,,1771,,3456
,,3240,,,,5003,,,,1773,,3556
,,3256,,,,5016,,,,1775,,3597
,,3264,,,,5019,,,,1778,,3640
,,3300,,,,5025,,,,1779,,3647
,,3329,,,,5067,,,,1781,,3648
,,3332,,,,5075,,,,1787,,3658
,,3361,,,,5105,,,,1796,,3659
,,3371,,,,5110,,,,1797,,3664
,,3401,,,,5111,,,,1802,,3668
,,3417,,,,5177,,,,1806,,3670
,,3425,,,,5204,,,,1808,,3671
,,3428,,,,5241,,,,1809,,3687
,,3443,,,,5355,,,,1816,,3735
,,3450,,,,5394,,,,1817,,3753
,,3456,,,,5440,,,,1818,,3781
,,3463,,,,5444,,,,1821,,3797
,,3536,,,,5460,,,,1824,,3813
,,3547,,,,5477,,,,1828,,3814
,,3580,,,,5566,,,,1830,,3839
,,3609,,,,5570,,,,1832,,3841
,,3625,,,,5646,,,,1834,,3846
,,3639,,,,5657,,,,1837,,3848
,,3645,,,,5666,,,,1838,,3852
,,3664,,,,5710,,,,1841,,3854
,,3668,,,,5718,,,,1842,,3857
,,3672,,,,5839,,,,1843,,3859
,,3705,,,,5937,,,,1847,,3869
,,3712,,,,5982,,,,1851,,3876
,,3719,,,,6009,,,,1861,,3877
,,3727,,,,6064,,,,1862,,3882
,,3739,,,,6139,,,,1865,,3898
,,3751,,,,6341,,,,1867,,3920
,,3779,,,,6384,,,,1868,,3921
,,3813,,,,6458,,,,1872,,3926
,,3816,,,,6473,,,,1879,,3935
,,3822,,,,6538,,,,1880,,3942
,,3840,,,,6539,,,,1882,,3954
,,3843,,,,6617,,,,1889,,3970
,,3848,,,,6622,,,,1894,,3978
,,3863,,,,6731,,,,1900,,4000
,,3888,,,,6788,,,,1903,,4025
,,3915,,,,6828,,,,1904,,4028
,,3921,,,,6838,,,,1906,,4041
,,3939,,,,6892,,,,1909,,4070
,,3942,,,,6944,,,,1918,,4081
,,3957,,,,7124,,,,1925,,4109
,,3974,,,,7139,,,,1933,,4142
,,3983,,,,7168,,,,1937,,4147
,,3985,,,,7221,,,,1941,,4148
,,4015,,,,7380,,,,1950,,4150
,,4019,,,,7496,,,,1962,,4163
,,4038,,,,7588,,,,1965,,4175
,,4085,,,,7929,,,,1969,,4179
,,4106,,,,8473,,,,1979,,4219
,,4109,,,,,,,,1980,,4229
,,4110,,,,,,,,1983,,4238
,,4121,,,,,,,,1988,,4253
,,4137,,,,,,,,1989,,4283
,,4142,,,,,,,,2003,,4332
,,4165,,,,,,,,2008,,4405
,,4175,,,,,,,,2025,,4432
,,4177,,,,,,,,2036,,4453
,,4183,,,,,,,,2053,,4495
,,4191,,,,,,,,2097,,4518
,,4202,,,,,,,,2120,,4604
,,4219,,,,,,,,2129,,4702
,,4238,,,,,,,,2157,,4735
,,4252,,,,,,,,2298,,4754
,,4267,,,,,,,,,,4758
,,4269,,,,,,,,,,4776
,,4310,,,,,,,,,,4810
,,4345,,,,,,,,,,4824
,,4360,,,,,,,,,,4825
,,4361,,,,,,,,,,4876
,,4386,,,,,,,,,,4913
,,4401,,,,,,,,,,4955
,,4416,,,,,,,,,,5003
,,4418,,,,,,,,,,5026
,,4419,,,,,,,,,,5054
,,4424,,,,,,,,,,5080
,,4481,,,,,,,,,,5094
,,4483,,,,,,,,,,5113
,,4581,,,,,,,,,,5132
,,4639,,,,,,,,,,5143
,,4659,,,,,,,,,,5204
,,4663,,,,,,,,,,5221
,,4689,,,,,,,,,,5238
,,4709,,,,,,,,,,5355
,,4710,,,,,,,,,,5402
,,4725,,,,,,,,,,5406
,,4740,,,,,,,,,,5440
,,4748,,,,,,,,,,5444
,,4763,,,,,,,,,,5477
,,4787,,,,,,,,,,5570
,,4802,,,,,,,,,,5604
,,4804,,,,,,,,,,5646
,,4812,,,,,,,,,,5681
,,4819,,,,,,,,,,5685
,,4825,,,,,,,,,,5775
,,4889,,,,,,,,,,5793
,,4905,,,,,,,,,,5827
,,4922,,,,,,,,,,5865
,,4937,,,,,,,,,,5901
,,4955,,,,,,,,,,5925
,,4966,,,,,,,,,,5976
,,5001,,,,,,,,,,5982
,,5023,,,,,,,,,,6139
,,5078,,,,,,,,,,6238
,,5118,,,,,,,,,,6261
,,5120,,,,,,,,,,6458
,,5123,,,,,,,,,,6473
,,5132,,,,,,,,,,6506
,,5150,,,,,,,,,,6517
,,5217,,,,,,,,,,6531
,,5233,,,,,,,,,,6563
,,5241,,,,,,,,,,6565
,,5260,,,,,,,,,,6631
,,5304,,,,,,,,,,6718
,,5355,,,,,,,,,,6731
,,5394,,,,,,,,,,6740
,,5440,,,,,,,,,,6817
,,5444,,,,,,,,,,6823
,,5473,,,,,,,,,,6892
,,5526,,,,,,,,,,6907
,,5529,,,,,,,,,,6916
,,5546,,,,,,,,,,7044
,,5547,,,,,,,,,,7057
,,5676,,,,,,,,,,7182
,,5727,,,,,,,,,,7311
,,5760,,,,,,,,,,7371
,,5833,,,,,,,,,,7427
,,6017,,,,,,,,,,7496
,,6164,,,,,,,,,,7783
,,6215,,,,,,,,,,7797
,,6224,,,,,,,,,,7979
,,6261,,,,,,,,,,8055
,,6415,,,,,,,,,,
,,6473,,,,,,,,,,
,,6490,,,,,,,,,,
,,6565,,,,,,,,,,
,,6591,,,,,,,,,,
,,6688,,,,,,,,,,
,,6692,,,,,,,,,,
,,6731,,,,,,,,,,
,,6785,,,,,,,,,,
,,6828,,,,,,,,,,
,,6856,,,,,,,,,,
,,6915,,,,,,,,,,
,,6916,,,,,,,,,,
,,7044,,,,,,,,,,
,,7077,,,,,,,,,,
,,7121,,,,,,,,,,
,,7168,,,,,,,,,,
,,7250,,,,,,,,,,
,,7264,,,,,,,,,,
,,7496,,,,,,,,,,
,,7783,,,,,,,,,,
,,7929,,,,,,,,,,
,,8037,,,,,,,,,,
,,8055,,,,,,,,,,
,,8061,,,,,,,,,,
,,8306,,,,,,,,,,
,,8582,,,,,,,,,,